TRANSACTION_ID,TERMINATION_REASON
4aa91365-1a7e-4cc2-b314-8e38a2be8732,Seller Backed Out
a225af6d-3585-4b44-a024-de2e9dd663a3,Buyer Backed Out
c4f192f7-e6d2-4e36-8467-83eb3f742db8,Buyer Backed Out
d38b3fe7-c8a2-4454-b8aa-a6ae3eb5a278,Other * Requires Context
ac6452b3-8175-43e9-9363-ba2ac76e815a,Transferability Issues
e6af69fc-4407-43c1-aaba-c58368e15138,Buyer Backed Out
f62aec63-0d8c-4781-afcb-8794a8a26f09,Other * Requires Context
7cacd2c9-ed05-44b5-b1a7-39ec27565f23,Buyer Backed Out
809a4a17-51cd-4f82-a6bc-b82e91b94b22,Other * Requires Context
b105e6d2-14fe-4a31-9db5-f1e5242d56e9,Other * Requires Context
a5ef6be1-bb70-4d88-a59b-e6ab2805105c,Other * Requires Context
452df977-797f-4f92-90b8-f1a445ba7b54,Other * Requires Context
77725096-a6c0-4f3e-8cd8-3b37b6259f16,Other * Requires Context
66b4c946-2eaa-4a59-ab69-889721fdb3d8,Buyer Backed Out
a199f72b-fcb6-4d77-a2a0-35b97805c0f6,Seller Backed Out
3f34d008-805b-4c66-8de2-a5c6bc3ff432,Buyer Backed Out
e984ad4f-cffb-4a91-a51f-48aeb0fc4cab,Seller Backed Out
28d33bc2-adde-4361-b802-8cfb9ab9581e,Seller Backed Out
4b4fc9e9-aaca-41cf-a337-befc48da5135,Buyer Backed Out
6759b6a6-2e67-4f2d-af35-709dfdaa0d44,Buyer Backed Out
849fe7b2-0161-4bc6-ac01-3b6c952bda85,Seller Backed Out
fdc5de27-01e6-4510-abbb-2031738009da,Other * Requires Context
cf1daa3e-c5f8-4666-bee0-15de061bd906,Buyer Backed Out
fc82e1d2-3f8d-4a4a-9f88-daa03f563cb7,Other * Requires Context
d3d50a6b-a9c3-4f67-af5b-0ecf0ba1f8a3,Other * Requires Context
1c430d4d-8086-43f5-b499-e961b447dfc2,Other * Requires Context
60170096-9cc1-4746-92ad-bab33cf360ab,Other * Requires Context
ac0bcee9-1427-418e-a265-58552287cd05,Buyer Backed Out
f7cd8bb7-2797-4bf1-9e27-e73d7d5db1ad,Buyer Backed Out
9331bfa6-20be-4946-b7b1-d73a371ac406,Buyer Backed Out
d7929246-5ee0-410a-ae38-28a89a176f8c,Buyer Backed Out
30265929-8750-43db-bbf6-691160db660a,Seller Backed Out
73a34bbb-4147-44b0-a490-6accb6507611,Buyer Backed Out
087b0e15-9ae4-481d-a44f-226cb1577ec9,Buyer Backed Out
1af4a2a5-4fec-4a74-ad69-5faccee5f373,Other * Requires Context
3bb5e40d-d8ab-4ec8-a7a6-4cc7cc7e301c,Buyer Backed Out
b21a5292-7a2d-4507-a48d-f6a566bff78a,Seller Backed Out
c3cdd9a7-ed3f-476f-a13c-0e5933b87f88,Buyer Backed Out
14b7eaf6-ad33-48f3-aa42-69d85dc2d177,Buyer Backed Out
112bafca-8fa6-41c5-8420-6b8323066a7e,Buyer Backed Out
112bafca-8fa6-41c5-8420-6b8323066a7e,Seller Backed Out
287e8eb8-8f49-4a9f-acfc-e6f8e326f1da,Buyer Backed Out
583259fa-e322-4370-bcbf-d5503387c526,Other * Requires Context
8c51d756-e39c-4f40-96e0-454dbab370f1,Transferability Issues
eb1d3232-6a6b-4ef7-8e29-0c90e43ee39f,Transferability Issues
80d9e8fc-1de4-45da-8d94-15485c0c115f,Buyer Backed Out
782906d0-d192-412d-8921-2e75d8a9da12,Buyer Backed Out
3f9b1b24-07e7-409c-9e5c-9db9055c113a,Buyer Backed Out
2275c60d-4b1b-4a59-9816-bd9b2819cddc,Buyer Backed Out
e906961a-254e-4014-acbc-f0372c1b5b41,Seller Backed Out
dae50d2b-c46b-4348-9eae-5172e895c810,Seller Backed Out
27c7f953-c487-4db7-9ba5-fa4a7090d64a,Buyer Backed Out
cc824abf-603a-4683-a1b9-351ec5ee28af,Buyer Backed Out
1b825180-6a6f-4515-b5fd-9fb3d556d0be,Transferability Issues
6a6f0ef2-1e6c-4a4c-b1ee-a619ff6a7d74,Seller Backed Out
fbe1d8ab-0c71-4455-92bd-79f622060807,Other * Requires Context
d275b920-9520-43cd-b531-5107aa598934,Other * Requires Context
ff01cb5e-b63b-4a3b-822a-6f3f3c1dc362,Other * Requires Context
6333d589-65e1-424c-95a1-d4dfd4b9f48a,Other * Requires Context
3d153d14-6fb8-4eb8-a12a-59685ed56d19,Other * Requires Context
8097c085-ba95-46b9-b660-51d704ba295a,Other * Requires Context
cc8a74ff-5543-47b1-b71c-5d1adad4bfd3,Other * Requires Context
2d2ebd86-460d-44e5-a46d-95af49358739,Other * Requires Context
5c494bf3-c93e-42e8-b294-94361d1b9ad1,Other * Requires Context
60ae2358-f038-48cf-8e16-eb0278bc3e48,Buyer Backed Out
08c24fa2-598c-42c8-ba77-537788d7b5ef,Buyer Backed Out
917a52e7-814f-4a21-815f-17728400f6d5,Seller Backed Out
b0db89eb-3a79-42c6-ac26-697062285411,Seller Backed Out
0fce591c-c613-4502-ae36-1b5d5580c456,Buyer Backed Out
3d2f949f-d82b-408e-8a7e-29e3199c59b1,Seller Backed Out
0eea7be6-52fb-48da-8e9c-cdcfa6cb7fa9,Seller Backed Out
db04e7ae-d7df-47a7-96d2-4dadcde5b18e,Seller Backed Out
1855ece6-fd1e-4e47-b821-d0eb5feea143,Seller Backed Out
ea1c27c4-ff74-4b8d-b825-887947d79dff,Seller Backed Out
7a05c221-7575-4a00-a1a2-62bbff08178b,Seller Backed Out
e736c2b5-7f51-42ba-ab05-6850e109e975,Seller Backed Out
71b89284-c625-4398-b4f5-96cb484c3429,Seller Backed Out
8c78d830-55d1-4a9a-8575-183cdce6a91d,Seller Backed Out
66d0d51d-8987-46a8-8c05-48e82d131abc,Seller Backed Out
ec46a991-f1e8-4603-8efa-2ec5ad979c22,Seller Backed Out
23b53069-6202-46fe-b473-a33202cb5d79,Seller Backed Out
46899c04-db56-43e9-b471-5f816037b107,Seller Backed Out
cd0badf8-7a65-4de9-8b8b-74929d472a89,Seller Backed Out
2a182c69-6656-4675-87d4-2af0de95bb9e,Seller Backed Out
eacb3115-9347-49e9-a00a-a8672d370be6,Transferability Issues
d86b8ec9-af7e-433b-ad8b-398d57c3bc53,Buyer Backed Out
66968e30-a404-422e-a00a-b764b05f6ca1,Buyer Backed Out
5449e72b-117a-4347-bc9a-703d7dc4ae3d,Buyer Backed Out
f34dea91-dc0a-444e-8bb1-6ff9f5eff866,Seller Backed Out
f747a28d-842d-4bbd-85f4-7bb5d658f8cb,Transferability Issues
1e8ba91b-f9ee-46cc-aff2-c6e9bc12646d,Transferability Issues
99123614-365e-43ac-9a7c-c17b01e2d034,Transferability Issues
ffa27b53-b697-4585-a030-7a66b6dfb45e,Transferability Issues
31e277b4-1185-4b71-81f1-4d7e93a7683f,Other * Requires Context
c03c1bd8-0359-4615-87e4-9250bc2ed266,Seller Backed Out
9b8c97d9-59d9-478d-ae13-e272a4fbec70,Transferability Issues
c5e434ee-460a-438f-897f-5aaf225cec00,Transferability Issues
88d8cc52-a205-4a66-af55-fb81ccea8689,Transferability Issues
332a9e00-f22e-4a71-9c86-1461786a055e,Transferability Issues
3f3ca7f0-7341-48ea-be88-40c444c19271,Buyer Backed Out
64952773-3143-4967-9373-6c8a04f90d5a,Buyer Backed Out
fb84862d-71e7-4bd1-9079-adb570d38d7f,Buyer Backed Out
76177619-14ef-4122-a20b-f89c97d941ac,Transferability Issues
0839b127-a038-44b2-9941-2cc6e5c98a4c,Buyer Backed Out
b88e04a9-5ba0-4701-aa93-5bd672f32520,Other * Requires Context
43bb25bc-c34f-4efb-99db-9ed24aaedeb2,Other * Requires Context
f5ff42d7-c4f8-432a-843a-6aff0511a50a,Transferability Issues
f0330d47-6eb7-4df0-b783-a69a590498f0,Other * Requires Context
166c7f25-d63b-4f1b-b5cb-f2e2b4faf3dc,Transferability Issues
86d81415-7a49-4369-8e20-f7717bd589c6,Transferability Issues
0e2cb20b-9978-48e7-ae72-6372e417723d,Transferability Issues
d2739a18-4dc8-4d01-8e71-3e7c5514a11c,Transferability Issues
6740d9cf-90ec-42ce-b2f4-7cdedafc14cc,Transferability Issues
4416a964-3c0e-4a6c-b702-4818df3bd866,Seller Backed Out
b4cc458c-ada7-45f6-9855-8ae5ce192b8b,Seller Backed Out
b4cc458c-ada7-45f6-9855-8ae5ce192b8b,Transferability Issues
54200f50-a5e5-4465-9e4a-61c20c3bed3f,Buyer Backed Out
41befbb0-4614-4afb-ac46-203b197097a5,Other * Requires Context
1e34a95d-f9f5-4b53-994f-193ea0ea3d4f,Buyer Backed Out
3755be82-3dd5-4aaf-878b-cbecfde54653,Other * Requires Context
dd4049cc-7a11-4fd7-a802-dc303f36816c,Buyer Backed Out
1664e644-a5ba-4d26-a6f4-13c1ffab3544,Transferability Issues
7c53a2a5-4bb0-4d75-864c-ec8094643102,Buyer Backed Out
5e2010ef-a24b-40d2-9ec5-7ac0ab459784,Buyer Backed Out
60762e98-012c-40f4-88f1-ed69d2b3539e,Buyer Backed Out
6ec9c791-d185-403c-baa7-1ef47a39f423,Transferability Issues
3a9585b8-f3e2-49d2-83bf-112ef50393b1,Buyer Backed Out
1da6b144-18de-4d6b-b539-9a63d951cedf,Transferability Issues
8e1bdcad-7456-4cb3-a970-01a178af191f,Buyer Backed Out
b68a6984-07cf-4f46-95c7-37288ca47584,Buyer Backed Out
04b97925-21b6-4aae-9473-a9dba83ec9f8,Other
80c6042a-1449-43e5-97c8-c831817b67d7,Other
bd4ca638-8d88-4ae9-80c9-c945438cf3ba,Buyer Backed Out
57ddda9e-b81b-4f4f-acd3-b8506082eaa4,Transferability Issues
15b5fa87-48f2-4071-8a96-ceeeee1cf96f,Transferability Issues
cc232915-bc14-42aa-8f2a-fd64f79c122c,Transferability Issues
615ad167-e38c-4ae9-b018-0cf97e6f3441,Other
4ebd24be-e355-4691-ab0b-b2654e55872c,Transferability Issues
72d759b6-d52e-4c55-a57b-c1fdb2a834c8,Buyer Backed Out
38a0347d-06a8-4ed3-a421-1f5efe2409ac,Seller Backed Out
2fdbbed0-eb99-4d98-888c-87fc6dfb8793,Buyer Backed Out
015bd2e8-6399-4bb5-8141-f46315d22d38,Buyer Backed Out
fd167cee-6bda-4e51-a658-158184925840,Transferability Issues
64f7a355-f8b5-4fe8-8a40-48579b3aeecf,Other
6fd9625d-6811-41cb-b2ec-e1e684c0d87a,Buyer Backed Out
c7626cee-70db-4045-9eb3-e0cb0c32968c,Buyer Backed Out
0d068a3c-e86b-47a0-b2fd-b99ffc03cde8,Other
9e8f4c4b-85d0-4731-9ba1-3f90054064b6,Other * Requires Context
412a731a-4df1-423e-954f-0813c3e84782,Other * Requires Context
2f9568ba-8b76-4ac7-b759-5ff846d62884,Buyer Backed Out
4efe657a-e93a-4b0b-bbdb-1dbb6e6b6e90,Buyer Backed Out
e02ea162-9dfb-43ea-ab23-09196134fb31,Buyer Backed Out
9915512b-aee0-4b4e-ae9c-9172c9da1057,Buyer Backed Out
99cf261f-ae2d-4cac-8f75-a64ea70b833f,Buyer Backed Out
3b32b5b9-6b7a-4e31-b838-256f57fb5eb7,Buyer Backed Out
f5bc76d2-71b2-4cca-9f4f-5da5b9767cdb,Buyer Backed Out
29b05fd4-953f-45b4-8792-688f67d1ecd6,Other * Requires Context
59bebfa1-a935-41d3-9021-1de670d71bf9,Buyer Backed Out
3a30004f-fe5a-4382-ad9f-6dca6a12d27a,Buyer Backed Out
91f24814-4b37-4ad1-95b3-79f123d36752,Buyer Backed Out
741173c3-e053-4708-9647-b1796a296e5c,Buyer Backed Out
5de3984e-d732-46b8-84c4-6e28bde3dabb,Buyer Backed Out
3b69ba3f-988e-45e3-8abb-3f3fdee824f8,Buyer Backed Out
f5c9e48e-d143-41bd-88d1-acbccd14e2f5,Buyer Backed Out
c593d46f-3364-46a2-a540-8b1e088cb6ef,Buyer Backed Out
6b2a94af-70ce-49fa-8f27-880780830c98,Buyer Backed Out
aecd45a5-d14f-4f22-b067-a76d906f8b41,Buyer Backed Out
ca5c14ff-2f47-430d-8c9a-5f82acf45bb2,Buyer Backed Out
085cc0f9-5f90-464b-bdee-625b0bf352c3,Buyer Backed Out
e402ab5e-0d10-4f20-9dfa-33a31ae11ca1,Seller Backed Out
b04fa6fc-2d47-447f-8f4c-9828da78fc9b,Seller Backed Out
ee6fe5be-14ae-4462-94b9-d12a2ffb8046,Other * Requires Context
2f84adbb-c6e8-4c2d-ad3e-ad109159e793,Other * Requires Context
e373ef8a-8e0f-4554-b17e-72bb54dc518f,Buyer Backed Out
fe7d437f-9dba-4e2c-a369-80c0ffb3d3a5,Buyer Backed Out
7e813236-915d-478f-8dd7-a1a492a04b82,Buyer Backed Out
688309c4-27b4-444e-b143-d086f942e729,Buyer Backed Out
3750498f-b828-4c92-9c28-638f141cdcb2,Buyer Backed Out
62d66fcb-f836-4c9b-9bbd-15c226b6ce3e,Other * Requires Context
e4dd69ea-7ecc-4863-a8ac-6a14ccebce78,Seller Backed Out
d823b4a3-1c7c-4e8a-a6d1-e9c6a0955853,Seller Backed Out
ed735ef3-297b-44ab-a542-43c950a4a1c4,Buyer Backed Out
df1fc02a-34ce-4218-b45b-158c84b737df,Buyer Backed Out
2baaad8a-9349-40d5-8f9d-472c2f24c34b,Buyer Backed Out
700a13d4-9f5c-4829-8d03-dcf6eaedbc1e,Buyer Backed Out
e165844e-7e99-4d7d-a27c-2669a5138bf3,Buyer Backed Out
57146c90-b738-4553-89cd-7ee6d369f42c,Buyer Backed Out
8f621f41-83d8-4838-b9f4-d96ec399594a,Buyer Backed Out
0e205056-edbb-4a84-837c-6db8c1ced0d8,Buyer Backed Out
ca22b06c-a67d-47b7-ac26-e5947b231a24,Transferability Issues
bd848b4a-0623-4b96-84da-2c0ca2f41f0e,Other * Requires Context
7d9fdb60-f60c-4ead-8fee-74d2c53412a4,Transferability Issues
a621b2c8-00c7-4bf9-b9b7-907afdeb0f3a,Transferability Issues
a80484ce-784b-4abb-bd70-3b414b14762e,Buyer Backed Out
3cc1e2d3-2460-4c5a-9fbb-d7558e55bb39,Transferability Issues
24e0321a-ff21-4928-b8ff-bb576968cbec,Buyer Backed Out
94ceb000-4fc9-49cb-8b4f-a092b7e87388,Seller Backed Out
9576ed2e-2699-4ebc-88c6-d51544e30358,Buyer Backed Out
1f9266b6-4ea0-432c-acf7-59e0462aa201,Buyer Backed Out
17cb343f-2872-4ad1-b1a2-47d9fe7e5282,Buyer Backed Out
df58b429-9780-4919-9839-890561ce8313,Transferability Issues
1088ce13-dbfe-4377-b815-7946edc18f5d,Transferability Issues
b83c3465-aafa-4cd3-b789-d1d9ee74675d,Seller Backed Out
9b99cd5b-0133-4c14-b5cd-819f4da3d209,Transferability Issues
9dbac8ad-4707-4d74-9c80-f4b8477169cd,Buyer Backed Out
86f121f1-2cab-48e7-9acb-7c3d9c19ba3f,Seller Backed Out
0fffa30b-0c6b-4bad-b59a-24ca56e35913,Buyer Backed Out
a7c635b2-80bd-4466-973f-41d40eab86a5,Buyer Backed Out
0a6a9879-6c29-4728-8acf-3aa1bfdf2c10,Buyer Backed Out
23168897-5d0b-4bb0-a87a-26623fd15448,Other * Requires Context
18a06c5d-6c8c-4f8c-b795-99dd237991dc,Transferability Issues
7e0242d3-c0e9-42ac-80de-6bb5321297f1,Transferability Issues
c6802844-8538-48fd-b99e-106fa8756b94,Seller Backed Out
7b1ee7a9-4529-42f6-9639-f16756335a29,Buyer Backed Out
59607c60-af50-42a9-9475-6839ce97065e,Buyer Backed Out
59e245cd-8d2b-4723-98f1-ba4d80b40288,Other * Requires Context
7795d6de-8f04-450a-b05e-ebd1ef57922a,Other * Requires Context
5e26332f-1b3c-4ba7-b91c-4d5fb84f11a5,Seller Backed Out
5e26332f-1b3c-4ba7-b91c-4d5fb84f11a5,Other * Requires Context
3db4d1bd-c4be-4686-b221-ee9b9fdb6e0b,Seller Backed Out
59f8aa83-9ae3-4f0e-9ba3-5ad14b0bdf74,Seller Backed Out
caa55c1b-4418-4d66-a67d-c966d086c380,Seller Backed Out
f1e243b9-331a-4464-b790-bd391736fcf2,Seller Backed Out
040505e4-f2df-4e36-b96e-f2f549171d95,Seller Backed Out
50931de8-a909-4ee8-88e2-0423d406ae6b,Transferability Issues
6e34b2eb-59a6-4460-89de-af35ae62719e,Seller Backed Out
325c2eb6-99dc-4979-a97e-5a7e9ea06207,Seller Backed Out
1836d0d2-aad0-4416-b4fa-93cb117cca78,Seller Backed Out
99f96656-76cd-42e2-b3b5-f1b11774ac8f,Seller Backed Out
756d31ee-32e3-4777-8bae-6c5b10eaa0eb,Seller Backed Out
f5435850-87ca-4ff3-88f3-e687e13ef6e6,Transferability Issues
5f34c342-6d41-4f96-965c-aa6950b23d0f,Buyer Backed Out
6cf43e5f-0242-4bf4-8b11-b9c8357d9e5a,Buyer Backed Out
5fe0f28b-28a7-4f15-bdf2-aa0ba68b7be9,Buyer Backed Out
0875d73f-4793-4975-9160-63d44e69da4f,Buyer Backed Out
f3234f11-1dba-41c5-9840-096e4ca61d3c,Buyer Backed Out
67c5666d-f2f8-4f46-b86c-574ec851bf69,Transferability Issues
9ae2f6d9-f742-4bec-b941-f15f59d4bf7a,Buyer Backed Out
5c4abac1-c371-4228-907b-0700ac89599b,Transferability Issues
9ec72733-cacd-48fd-8a25-0efbdb68fa85,Transferability Issues
65595eb8-b68b-4db0-a8f3-0494cc96608a,Buyer Backed Out
1bb785fe-a5e4-4407-9a58-1818df5a4aac,Transferability Issues
54fc94bf-189f-4ab9-824e-89d85f182c8c,Transferability Issues
efcef9ee-59a9-4d0d-9fc3-4c09adf8937b,Transferability Issues
7ee953b4-399c-40d0-8f98-5b2be0a64969,Buyer Backed Out
1a00857e-aa14-4628-89ef-002d5250d0e7,Buyer Backed Out
a894333b-7d76-4233-a69d-03a2e7e6f5cc,Buyer Backed Out
f6641870-48b1-4352-938c-cf6829063f48,Seller Backed Out
c6d4a08a-e5ea-441e-b552-5747f26d890e,Seller Backed Out
35f18af8-fd24-4438-9f86-102c1719f17a,Seller Backed Out
84da8010-07c3-4cd6-818c-6d45e5a6673c,Buyer Backed Out
09c5b247-ba05-43c4-8828-c56b55fc4f7e,Buyer Backed Out
28ad1bad-990f-42be-b85f-4781397bb737,Buyer Backed Out
848f78d9-85df-4641-b519-42811e1e16fb,Buyer Backed Out
f9cfebf7-3a67-4b5b-a5a1-1eb87041c74e,Buyer Backed Out
96841321-7a1b-450c-adc7-c5730014123c,Other * Requires Context
d944f2cd-f966-44b9-8e21-44d96033a78a,Buyer Backed Out
5661670d-8672-4470-9a75-e102374a8164,Transferability Issues
8e4c2f53-c5e6-4d64-b5f4-07de5c868a42,Other * Requires Context
d78b262b-4a13-4533-a0cf-b7c95818c8c5,Buyer Backed Out
6e87c7e0-b2b6-4126-806f-52ce7873edac,Buyer Backed Out
bf4b6df1-7375-4485-950c-6655c96179e9,Buyer Backed Out
10f54fd7-0961-4c9c-8427-f07948924383,Buyer Backed Out
2d4f3847-2c52-4cc2-b0e5-378249a76e41,Seller Backed Out
500cb731-fb4b-49f4-9a51-23bddafe9c9a,Transferability Issues
c4dda7a4-ef89-414e-b28b-7ad4e7132ee6,Buyer Backed Out
ebf64cbf-aeb1-4c30-93f2-94db41dbd6a6,Buyer Backed Out
792e2d40-2ca0-4e60-930d-06609041b242,Transferability Issues
5e2dafd6-e787-4e7c-b3b4-93ae339c2b63,Buyer Backed Out
98c320ba-6567-4e6a-8163-8d943fa32b67,Buyer Backed Out
152f02f6-c523-467c-8cd5-3581f58e2ed5,Buyer Backed Out
9d058c3a-ff8a-4fd9-b423-5a226f715798,Buyer Backed Out
5e09a99b-65df-49b0-a465-69716d5e7148,Buyer Backed Out
63a38e27-b733-44e2-9033-0433b3cb489d,Buyer Backed Out
5fa22817-ebbe-408a-83c6-9838bc403359,Buyer Backed Out
128bdbee-7fe6-48ae-a6bf-b8a8b16df1e1,Buyer Backed Out
3a7855a3-7382-4c34-96d0-1236434e263f,Buyer Backed Out
37bca213-2283-4f9d-a639-b6af19f47c23,Buyer Backed Out
174b84c3-ab43-4774-8840-ceed61a44707,Buyer Backed Out
212aa86d-3964-4f2b-b555-963ef433e69e,Buyer Backed Out
640fb8e6-08ce-4753-bb5c-979f266ffef9,Buyer Backed Out
643f0a9f-d5ae-4558-95ad-ab91a128509d,Buyer Backed Out
ac53df91-f216-4d7f-a8ad-eab69c132d82,Buyer Backed Out
b256446d-eabc-4936-905a-6a515cd77529,Buyer Backed Out
6b7cc868-b802-4e39-9e68-aa97583d5b0a,Buyer Backed Out
35b3c517-ebfd-4fb2-9273-8545b728dd0f,Buyer Backed Out
8888b806-eef5-4106-8f95-3fc446d66079,Other * Requires Context
da98df8b-18fd-4ae6-9b79-163cad7938c3,Buyer Backed Out
a4e2928a-b994-490f-b776-1dbfdbfe8e3e,Buyer Backed Out
ab225f85-470b-4ced-a28f-95455c0b09cf,Buyer Backed Out
7283393a-7d95-467e-8350-99bede7c58ca,Transferability Issues
ced64487-89ce-4b51-a824-3c30f6907c72,Buyer Backed Out
23becd3f-3497-42de-a07c-88094922fcf1,Buyer Backed Out
af3d8c00-a619-4a84-b2e3-d4edbaac8158,Buyer Backed Out
4c83222f-e2a1-426e-a5f2-e63ee0ca1fa7,Buyer Backed Out
24b0ec80-4109-4a79-9aa9-820b6334bb58,Buyer Backed Out
8c798f15-f7f0-4376-b62f-888f480c7c03,Buyer Backed Out
effd6b13-2f41-47c2-a451-01329040ede1,Buyer Backed Out
87eb400b-b51f-45b2-983b-a078462c3f5a,Buyer Backed Out
c355e2ec-b203-4523-9119-d6ca81245d25,Transferability Issues
f0f026d9-620a-4ced-8d2f-42e13ad93844,Buyer Backed Out
b09a4b7d-2140-40a2-873e-e1abd8ee9bd6,Buyer Backed Out
9a656a33-188f-43bf-822c-9e3c9b22b0dc,Buyer Backed Out
3cbdb631-4c9a-4c04-8fe8-4e2f8566bc93,Buyer Backed Out
1e2ed67a-844d-4d54-bc2f-cd2f8a43dcda,Buyer Backed Out
57db92a8-0322-4dd8-aa46-f7102c4df6a4,Transferability Issues
c7543d24-7eaf-42cc-a00d-0e848352f351,Other * Requires Context
e28f3c15-39df-41f2-9a16-92de4a4adc03,Seller Backed Out
e251422a-ec14-4390-b7b8-cbd900008837,Transferability Issues
8a10de60-5dff-4284-af6f-0537219d3de2,Buyer Backed Out
0fcb8803-7a8d-496d-8ba1-b38edec6a5df,Seller Backed Out
208ca3ce-3bee-45a3-b588-724bd8b91c22,Other * Requires Context
9f88a6a5-df6f-48cd-9051-294d6443a8e7,Buyer Backed Out
46097553-4132-4232-9fb8-b73b9b123e61,Buyer Backed Out
90926b33-b737-43a6-8cb3-9df4c3f84d2d,Buyer Backed Out
bde37dbd-5576-4a47-91af-42ef835f3d62,Other * Requires Context
3f4aec1b-93a5-42d8-ab1a-9511b018cbfe,Buyer Backed Out
38975b14-f3f8-4701-929c-46bba2ab777a,Buyer Backed Out
d0bdf731-6226-47d9-8cf9-55cbb7bee3db,Buyer Backed Out
7c7772d8-5479-4f93-a678-b20eebe00b59,Buyer Backed Out
afee1b41-2f0c-41f3-8aba-90a15d734f8b,Buyer Backed Out
7b0c0bc1-aec2-4e8b-91e0-5569ff284dbb,Buyer Backed Out
57abf023-ebe0-4366-b165-3b0c71777014,Buyer Backed Out
1e24362d-13d1-4461-a277-4c577c2e84bf,Buyer Backed Out
8274f31b-bd04-4ce8-a914-4f2845be446f,Buyer Backed Out
827d3e10-1899-4ad2-9ce9-1d76ba4ce4e5,Buyer Backed Out
fac6480f-de12-4a46-ab94-c076a8c5a734,Buyer Backed Out
193ff3c8-38c8-46b1-ab99-641e98506f8c,Buyer Backed Out
eeb62e98-7bc2-41dd-816f-3db21768063a,Buyer Backed Out
1b8595bc-7732-41a8-ae5e-e910b926e57d,Buyer Backed Out
93894731-8eee-41a1-88e2-4db1830e8aef,Buyer Backed Out
01eb4ba4-d98c-4384-a089-5e4940699eeb,Buyer Backed Out
53eb9221-2b06-4188-97e5-dc676304562b,Transferability Issues
4619aa96-cac5-4652-b83b-6d98e07fa011,Buyer Backed Out
5fefbd8b-228c-46ca-bd1c-09621396469c,Buyer Backed Out
0237ca1c-89eb-4254-aa9b-b7bef00e2e1b,Transferability Issues
b41511ad-b73a-4970-88b2-966728772e78,Transferability Issues
a6103384-a05f-4e27-ba80-29e3ac5cf2d5,Transferability Issues
bb25fe1e-416e-4ab7-8bc3-fc1e739ba85d,Transferability Issues
61846f41-bee9-48ee-a6a9-96cb3f078601,Transferability Issues
434ba311-b41f-4d21-a6f4-478db380b16e,Transferability Issues
49655a8e-4fb2-4335-af63-4c495fe75be8,Transferability Issues
343bddc5-e336-43bd-8a3c-a35aa43c1840,Transferability Issues
a5348ef5-05e1-4dcb-aac7-0785ecce40eb,Buyer Backed Out
deb7196a-c229-4cee-ac51-2ca240ccef22,Seller Backed Out
e5969ade-516b-41d1-b4e7-ee78f625a8ac,Other * Requires Context
e5969ade-516b-41d1-b4e7-ee78f625a8ac,Seller Backed Out
23b41d29-c289-4716-af99-357c743d4972,Seller Backed Out
b0652adf-09c9-4947-a736-7c67184f7ab3,Other * Requires Context
b515fd1c-81b3-4363-9217-7a00d1eff40c,Buyer Backed Out
996da1f5-e616-4a57-b4d5-dc990a2a2827,Buyer Backed Out
41feb72a-932e-438d-aff8-4b1e259eec26,Transferability Issues
c8b93bcb-71eb-43f1-b3b6-06d5a2cf0991,Seller Backed Out
eefc8a0b-0d08-49fa-96e3-79e3da22bce1,Buyer Backed Out
d27e06e6-932b-48c0-a5bf-26f565328b46,Buyer Backed Out
e23b4b5d-ed07-4def-940a-df637f933ca7,Transferability Issues
1a1c1b2f-6924-42f4-b1c4-ac9e23343d3a,Other * Requires Context
1238531f-0fe7-4166-8b56-80079d8fc8a4,Transferability Issues
0928cc2b-f25f-48a3-803e-afdcbc8ae0e6,Buyer Backed Out
159a850e-abc4-4dd4-b1a2-955a1bd66c31,Seller Backed Out
672caee3-b0f6-476d-ba5a-da128fc8f9bf,Transferability Issues
59cec3bb-1a4b-4c58-8e2d-931809577e0d,Buyer Backed Out
7b8fb368-6c66-4ea7-9fbe-79175b1b414b,Transferability Issues
835c2f0a-c607-4ed4-b0f1-3de39e5550a6,Buyer Backed Out
9a0bf9b8-90db-427a-8474-306b918b6571,Buyer Backed Out
eeca70d2-3369-4324-9ec0-d900769439b6,Transferability Issues
564cd9ad-03b1-42b5-a27a-1e80f7cf482f,Transferability Issues
015ebc11-8167-4e73-b584-843ac169261e,Buyer Backed Out
7953a41b-2968-4b7f-a415-4306f5c8d11b,Transferability Issues
2cc9aa62-590c-4187-ae1d-e0e759c724ba,Buyer Backed Out
2c762b85-9f59-469e-b6a9-d5fe5b6794ca,Buyer Backed Out
e7594cfd-9edf-456e-a790-10b7e596b39a,Transferability Issues
b23371b5-52c9-45a9-bb6c-21b98970010a,Buyer Backed Out
6de110d8-fe71-4b9f-b6f9-a9236ccc669d,Buyer Backed Out
979010ba-0418-49c8-bf25-9a1c8d1b6623,Buyer Backed Out
f7fb07c3-bb96-4cea-aa25-5d40b618230e,Transferability Issues
1e1e1ef4-4048-4cdc-806e-65a3c5729ab7,Seller Backed Out
fbe278ac-5ee9-45a8-90e9-936bad4a9721,Buyer Backed Out
807f0dd8-289f-4c4f-ada1-869c762b4892,Seller Backed Out
da482faa-9610-469b-89c8-d169484c35da,Seller Backed Out
4b24bea8-1d5d-487d-a8db-0b98e27d3dd6,Buyer Backed Out
c67fce31-31c9-444b-9832-16fec83f5401,Seller Backed Out
6af80aa1-ac81-4e00-9f83-7cb22f3a5829,Transferability Issues
26924a85-e7d4-46fb-be52-9a10ce6baae7,Seller Backed Out
b17a7164-e111-483a-b150-24660a371505,Buyer Backed Out
3571fd2d-df21-4638-9364-e42af8ffb486,Buyer Backed Out
e702cff2-0566-40d7-a924-c54b45761e03,Transferability Issues
459e6d7d-19c8-4b10-b3f1-af8c5952a072,Buyer Backed Out
9cbd1d14-8df4-4f55-9bde-5c15713ccef8,Transferability Issues
48e9b676-6dc5-4772-a8c4-1c0d3bcab1f3,Buyer Backed Out
88758b36-d1f2-4c11-863d-54874415b4e0,Buyer Backed Out
e51edbd3-b2ba-4d7c-a97c-403b752345f1,Buyer Backed Out
20d0cb80-ad22-462d-890b-a860522dfbca,Buyer Backed Out
d200331d-a4cf-4559-9116-98544985fb56,Buyer Backed Out
14233318-bb76-4cff-bbc8-b29d80ca1cbe,Other * Requires Context
6048103a-fa0b-48e6-afd8-76a9147a855d,Transferability Issues
bb61c91c-8c81-436b-a24c-178873ec2d7b,Buyer Backed Out
2f0535fa-fe0d-4109-96ed-1bc14d2cc055,Seller Backed Out
df96bb61-1f2c-4e6a-9354-2d580f8eb854,Buyer Backed Out
b2921a88-6cc2-4a3f-846c-632b1717d122,Buyer Backed Out
89a7637e-58c0-42fe-a400-13536a726be8,Buyer Backed Out
3a1bf428-469a-4e0b-aa8d-8f035adb5a2e,Buyer Backed Out
5a5a9d19-f2ed-4b58-b540-301b3a9dd868,Buyer Backed Out
a34060df-63f8-4d1a-a464-a338ae17f1ec,Buyer Backed Out
486450b9-c47c-4fe7-825e-df019e070404,Buyer Backed Out
486450b9-c47c-4fe7-825e-df019e070404,Transferability Issues
23e3e255-bc69-4dcc-aeb7-69e0ed8b9ca6,Buyer Backed Out
065b4123-4d45-4510-a39c-9576ccf18326,Seller Backed Out
1ad8f7fb-ad88-4d01-80ed-d705c0977d86,Other * Requires Context
deba24d9-4d83-48df-8afb-466b3ec98e1b,Buyer Backed Out
4b3fe5de-7988-4692-96b0-0a3f24536950,Transferability Issues
d3432ce2-b3c8-41e5-8a2c-0592307bb0a2,Other * Requires Context
f01bc5a6-6dc6-4dc7-a465-9160f4676cc6,Seller Backed Out
3439a810-9f9e-4980-ad57-664e684d7ec5,Seller Backed Out
cf855cb1-8f19-402f-80c5-ae0dda3d24fe,Seller Backed Out
cf855cb1-8f19-402f-80c5-ae0dda3d24fe,Transferability Issues
dfc86c35-2f4e-4cec-ac04-8c8733721501,Buyer Backed Out
6baf6912-a041-43d8-b085-f58c7e4a3351,Transferability Issues
74cdff80-9138-44eb-97c7-53c53a881bd7,Other * Requires Context
6e61a28a-7f2c-43ac-8f7f-1dde2fc1417a,Other * Requires Context
6ea501c4-50e2-4086-8b0c-101869bcaf86,Buyer Backed Out
bc8e752f-6f37-4c23-be0f-20615ea42487,Buyer Backed Out
e33413ba-266e-4ae9-b71a-9c837a724433,Buyer Backed Out
7767d2dd-3a6b-407d-be2c-7b95e7ca6518,Buyer Backed Out
50e67343-02a9-46f8-9e14-0e406c9be260,Buyer Backed Out
9be741a3-8a7e-4aeb-b21f-14c006e90911,Buyer Backed Out
0ae19c1f-deca-4927-9a26-7ce0d50e4ada,Other
64632d9e-9c65-41a5-bfa2-94be4fd1506c,Other
6d040ce2-0ef2-49ad-ae49-168dddfe2b62,Other
097323fe-2ed0-457a-aad5-17b484685ab2,Other
573c9b16-b210-487d-b3a6-f789f2c16b8b,Seller Backed Out
c891a4f5-5053-4539-8e76-6d7b008396dd,Seller Backed Out
8b987aa6-42b9-4895-bfaf-80e8c4d9bf3d,Seller Backed Out
51f01a05-0cc6-4c5a-8336-2d1f1baa7830,Seller Backed Out
144b932b-65b8-4b16-bb8d-116c33372041,Seller Backed Out
88b937f8-3032-41ce-aec9-4d1bff8fbce0,Seller Backed Out
08969750-cdb6-45e1-8ff2-8944e39fd3a6,Seller Backed Out
66c98d80-9a84-4fe1-afa8-9aef40c3b3de,Transferability Issues
fdbd4be6-3986-43c6-a0ec-91195584bbf4,Other
e1fdf318-c11f-48c0-9517-ed3c04f157c6,Other
f77f3a2f-ab7d-46dd-a694-9cde4a1ef2b0,Seller Backed Out
2154c263-ff56-4fb3-a94f-aeee243cc3ff,Other * Requires Context
ebbcba9f-ede9-46e7-8583-498bf64f2ad4,Buyer Backed Out
e211d500-6b4f-43c7-a7d5-7540e892469f,Buyer Backed Out
568bcf80-8607-4956-a5cf-636a52e976ef,Seller Backed Out
e7a0bcb9-44a6-43ac-91d4-1efdc6ac7d55,Seller Backed Out
0640421c-0199-48cc-b67f-0fff64bf4af7,Seller Backed Out
91a1dd20-360e-4328-b01b-46b25e78bc5f,Buyer Backed Out
769adb6a-8ba9-47e6-8dbc-faf64969bc81,Buyer Backed Out
8f94c791-f1e8-48b3-ba4b-8d64e7552ffb,Transferability Issues
48f8d246-2427-45f7-877d-8d53311d4ec8,Transferability Issues
d3ee9663-0916-42d1-9d00-15f8f05f51c6,Transferability Issues
d6265590-cb4e-48bd-aa0e-26083b7e595f,Buyer Backed Out
80525d74-dc05-4a33-91a8-b9d500a6fe81,Seller Backed Out
cf88dcd3-3b91-4c8f-8754-905b02a8f10f,Buyer Backed Out
086f4398-e4a0-487f-b38e-ad4c95c2eb15,Buyer Backed Out
93d07812-e9ce-472a-80b4-b28f3eace633,Buyer Backed Out
e3b14819-62d9-498e-9bad-9b1b5fd6413b,Buyer Backed Out
05f5f007-033c-4da6-80bf-b4c35761d8bd,Buyer Backed Out
6d364643-2a56-443d-a13e-78f546f9d549,Buyer Backed Out
4780fe99-03fb-485c-97a1-eeaaccc6051d,Buyer Backed Out
34771dfe-45d5-4267-8191-f255116a7d67,Buyer Backed Out
14f288e6-2ccd-4c15-9323-bd8e07bb38c9,Transferability Issues
b01ec6d1-5790-4aea-b56b-c5da8ba082ef,Transferability Issues
6d48d068-7f45-47bd-9ffd-f98665781a7e,Transferability Issues
da87c52e-dda3-4f6f-8cfa-24792f812116,Transferability Issues
a94d87b2-862e-45ed-8dc0-13df011d535b,Transferability Issues
768f5640-b94d-47dc-b217-adcfaffd61d5,Seller Backed Out
74632b11-38c3-4c3d-be3f-45206024dd6a,Buyer Backed Out
4a019fe8-6e49-48af-b3b6-bf836dd3e15f,Buyer Backed Out
349a1e28-d8d3-4250-94bc-c103c8630c56,Buyer Backed Out
17c6c0b1-ba7a-4409-8d12-a9095eea8c97,Buyer Backed Out
e730eaa2-7bc0-466f-8532-2c4696c37b2f,Buyer Backed Out
97976f7b-d5ce-4c74-8b64-271b254079e4,Buyer Backed Out
97a40c7b-2a1a-4fad-b671-b2cec8b3177a,Buyer Backed Out
1e691859-3f87-4de6-bff4-0ae043e14062,Buyer Backed Out
b4add4dd-3acd-4ed4-b233-bbc811d014a4,Buyer Backed Out
0364dbde-6216-415d-b25a-544b3a4bfbd3,Buyer Backed Out
0bbdc056-7c74-4437-b66a-f893bded0a29,Buyer Backed Out
85e09e21-60b9-4c06-9e0b-1834eb854e28,Transferability Issues
af06916f-4350-4413-8b90-4c77808c969e,Buyer Backed Out
a585ead6-7793-4e1c-836f-da0bf29c1789,Transferability Issues
d33d0072-9b9b-459b-8b58-5a3997e63427,Buyer Backed Out
2fd64367-25e6-4b9e-94f0-f97caa9a2590,Other * Requires Context
064ddef1-b990-467f-a12e-7768bb4ca7b8,Transferability Issues
55f501c6-11ae-4526-b58a-695193d31755,Seller Backed Out
ac6064b6-d714-4f56-b26b-9b2d4eafed6d,Seller Backed Out
97fd53b7-6761-478a-8ce4-aa5ad824443c,Transferability Issues
86b00813-c8be-42b0-9edc-237aaadc9457,Transferability Issues
ec7b7283-34cd-4be8-b849-d16b22db50f3,Buyer Backed Out
d4055efe-e952-497f-81df-754f87ebe685,Seller Backed Out
2149dd3f-ce6f-4d51-8ced-673dfe306189,Buyer Backed Out
0bb69868-9bab-4158-bf32-1b8a3b45ed71,Seller Backed Out
734628fd-97ff-4b37-a3d9-09a22607e9ef,Buyer Backed Out
96a801d2-b3a1-49c7-b65e-c6aeda84550b,Transferability Issues
e6091a60-c1ab-4aeb-9c6e-d7e52e578a1a,Transferability Issues
ee2f3ab9-e2ea-4e1e-999e-47b60bb6d010,Buyer Backed Out
fe6ed4e5-2328-4045-98b9-e143a8592ba8,Transferability Issues
20d576a1-2fa3-41be-94c6-980b2acf940e,Transferability Issues
eb00289f-bf77-425e-9ebf-79ab1c09256e,Seller Backed Out
0bb8aa65-9fcf-465d-b3ac-23b622fb7195,Buyer Backed Out
f4699b78-07f3-4ca5-93d2-aecd56695113,Buyer Backed Out
a58e5437-63ed-43df-8780-2706c96f01b7,Buyer Backed Out
a938ce6d-21bb-49f5-a448-f76cc3a966c8,Buyer Backed Out
3e673a3c-774a-4e82-a969-ceaa17cbf840,Buyer Backed Out
2b65e98a-d117-4982-9e51-7eae8d2ff26f,Buyer Backed Out
de04f251-4416-40b8-862a-3889ebb5638d,Buyer Backed Out
7b6e2045-079d-4196-b18f-dfbe0478dfe4,Buyer Backed Out
981507d6-4b69-45ec-8f8a-415f9d96289b,Seller Backed Out
7b4fcc7d-3ede-47a8-8c05-7e522375e2fa,Buyer Backed Out
3cdd5372-1ec6-4a38-9201-ae29dd43a3f3,Buyer Backed Out
7e4b5ee6-9b3d-40e9-a15b-fdeae9520e91,Buyer Backed Out
68fb7ed1-5bab-4e97-8604-679dd5406ad2,Buyer Backed Out
d5921e8f-186e-44a3-a7a5-0918f7326cd5,Transferability Issues
34f457d4-830a-4c54-94ce-684dd5483c6a,Buyer Backed Out
0f6c984c-5573-4710-a5db-c9ecef15d225,Seller Backed Out
b4cc0516-040c-4ec3-810d-4c0a4f303f08,Transferability Issues
ea945edf-b2e6-48a1-85fa-ca61c3d90db4,Buyer Backed Out
0550e4bb-d299-4bde-a269-79146ae4eec7,Buyer Backed Out
02718a2d-abe4-4e25-81e8-fb553fcc2b28,Buyer Backed Out
719bbe8c-02c4-4468-9483-ecb682d2e496,Buyer Backed Out
0f31fb3a-83e7-4c34-b069-895eab85ea62,Buyer Backed Out
c3c24ea5-d7b6-41cb-96f0-19fbe77ccddd,Buyer Backed Out
b9674661-1c5f-44e8-bd6b-7b34c9f5a0d4,Buyer Backed Out
8e4292a6-3d59-4619-8dd2-9523e1e1217b,Transferability Issues
bf8b34bb-d7d6-4171-91fa-a5c2ef00d70e,Transferability Issues
67af42e5-fe1c-4378-bdcf-c776229de720,Transferability Issues
3b3a845d-cbc3-433c-9dba-f2da9a16c532,Transferability Issues
1b8c9207-10a0-4d19-ac29-b8a23c7ad209,Transferability Issues
37be8e8d-3a14-47cf-9047-70633b8d6d97,Transferability Issues
61fc9458-23d1-4ff2-a6a1-40fc6f4f6b6b,Transferability Issues
09b52acc-682c-43d6-9761-7f3126f05f57,Transferability Issues
462f7575-8cd4-4fdf-bdce-596dac655b80,Transferability Issues
423b6ba9-5793-4306-9b30-537a43606d2d,Transferability Issues
47f99ffb-9364-4832-9d70-f2852f9680b7,Transferability Issues
c28172c3-a8e3-4560-8f58-216138bcca3c,Transferability Issues
e3faf2ff-868f-4dd1-a0bb-c0ec3273f152,Transferability Issues
a58c016b-bf23-4690-835a-1338650b0685,Transferability Issues
e0128bad-3f14-4d7f-9187-76e10804c381,Transferability Issues
9960aeff-701f-4d3d-94a3-4a83ee80939a,Transferability Issues
bede5a11-fc1c-40c1-a80b-6f27a28f6cf2,Transferability Issues
0ccc3b6f-18c0-4a4a-b3a0-184b6a743d2a,Transferability Issues
be5c6a71-c7b3-41ad-9249-e6a6d07c55c8,Transferability Issues
f688296a-9fed-44d5-ab0d-f3fb7d272c8e,Transferability Issues
dc4db6ff-3358-47ba-8281-bbd53e4b3c81,Transferability Issues
a76597e9-6027-4548-88b5-57b04000e8b8,Transferability Issues
1c3538ed-fee1-43ef-aa35-98ca2611e341,Seller Backed Out
2409e601-eb0b-4ca7-ab1e-9a494d5206e5,Buyer Backed Out
21b8fa1c-6481-44ac-ae91-609b0f8643a1,Transferability Issues
3e52f8ea-a7ad-46a8-9bdf-74f9e6c99e17,Seller Backed Out
c2e2b516-21c6-4b69-8bec-f618a190bc3a,Buyer Backed Out
2a6c1863-2e1a-4807-95de-570b10d9678d,Seller Backed Out
68df7cdf-1c97-4c88-9f0d-68239bf37cf8,Transferability Issues
7b349a03-ef6b-4f44-b3e3-889dfca37ce9,Transferability Issues
de8a1147-b391-4456-94d0-77838a3c59b5,Seller Backed Out
fbeb2f7b-ac5c-4df6-8098-f931d57de627,Seller Backed Out
543c2127-78db-4163-aad9-1ad8baab9144,Seller Backed Out
0b6778c4-a490-4517-9999-e79d5747dfaf,Seller Backed Out
80e36e97-fd3c-4bb1-ada8-74e3a5035118,Seller Backed Out
0f3a95b5-4928-4f31-9d4f-a360238660c1,Seller Backed Out
37554c17-2af2-4b84-830c-71195143d2df,Seller Backed Out
fad5aad0-9cea-40e1-8f23-a83fee28092a,Seller Backed Out
43148793-e385-44d0-a930-f5a072f60a68,Seller Backed Out
a107f414-ac47-48f9-8906-ce47f9331bb3,Seller Backed Out
80a92e4d-1e05-4e14-9ef2-15b256c6b955,Seller Backed Out
1d90f772-facc-45ef-bf99-3601161da286,Buyer Backed Out
1a32b243-c222-402e-85a3-7b98c3863a81,Buyer Backed Out
b54e3251-13d6-40b7-a20c-d94a7168243e,Buyer Backed Out
2082a67a-4757-436a-b36f-a3df8246f5aa,Other
5583c402-487a-40b2-a1ec-5edd35f031ae,Other
05605160-2003-4207-9a87-d4f80afdca65,Buyer Backed Out
5271617f-558f-473f-9a28-3847906dede8,Buyer Backed Out
7c2c7473-fb16-4aa5-9c0a-c06047ee2e26,Buyer Backed Out
691ed1de-a52a-4ed6-bffe-4ff4e5383eeb,Seller Backed Out
1e8b534f-a035-40f6-9801-4bd4230ca9d0,Buyer Backed Out
ce1f2e4c-0795-47a0-958b-49c45aaff772,Transferability Issues
bf3d9d9f-e50d-4d6b-ade1-1831f03f92a7,Transferability Issues
9673a70c-2954-454b-878a-cd1eee58c242,Buyer Backed Out
d290a526-0372-4426-8c9c-5c4341cb3816,Buyer Backed Out
c5ba43d4-f602-4b5a-9402-e7e0fa97f2aa,Buyer Backed Out
8a7cdf76-f74f-4a84-b072-2b128b54314d,Buyer Backed Out
143cc6ef-ca0d-4a19-9ec4-0c9d14768c9c,Transferability Issues
811741bd-500b-43a5-a4a6-1d5674688060,Transferability Issues
4b229ca9-2a2d-42a6-a9d2-f99e920feed0,Other * Requires Context
fb601dc3-07aa-460d-91e9-fb8f0d7ad0d6,Buyer Backed Out
d287c068-88c0-4825-ba0e-ece315af80b3,Buyer Backed Out
b9535aa2-78a0-4cf8-a605-8f394a005073,Seller Backed Out
b6e6dea6-5df6-4cf9-819f-1c3d4532a044,Buyer Backed Out
0f84ac1d-5e9f-4914-a5a8-8e360082ac86,Buyer Backed Out
637ca625-1477-48a3-9728-55cf23e12cc9,Seller Backed Out
802f016d-35b9-422c-8ae4-0e97d1e3acd7,Buyer Backed Out
e9ac9838-f02f-49fd-8be3-c41386bbf5a0,Other * Requires Context
c317618f-dc3b-45d0-9384-11e844607bfc,Other * Requires Context
65bbc7cf-57da-46dc-9f62-1d17845051e0,Transferability Issues
d7dd7795-ad71-4d11-a284-d78999476602,Buyer Backed Out
4ca7c334-b927-4610-91cb-6dfae8570d00,Combining Transactions
5a045561-a179-4952-9d72-aaf9b9cebc1e,Combining Transactions
3c791709-476a-4e3d-aa45-f9118cae10b2,Transferability Issues
7af0eb4b-8090-4d02-ad9a-3b63e903e95a,Transferability Issues
0bf8f76f-ff37-4adc-9e1a-f2020585a339,Buyer Backed Out
2cddd5bc-58fe-4b77-b7ae-1f455e70e755,Other * Requires Context
967bd059-128a-46c2-84db-d74500d2a119,Buyer Backed Out
26cd4a74-d6d5-478f-9881-cd9444f54acb,Buyer Backed Out
65e4220d-29ac-4e46-b615-dfa16fb57193,Transferability Issues
d6bd8940-df4f-4471-af4f-bcee39d006f4,Buyer Backed Out
5111d567-7ff6-4d21-85b6-0b883fd2dc14,Buyer Backed Out
cbba94c5-1a3e-453a-a3dc-5bd8cc199455,Buyer Backed Out
894333a2-5d2c-4841-9ae4-2fa4bb3fc100,Buyer Backed Out
d4aa05cd-cccb-4b17-90c3-1dad5c485fb3,Buyer Backed Out
d1d5d643-b1e9-4a1d-90bd-14c4d4616dd2,Other * Requires Context
ae8cee18-ac30-4be2-9f86-76a61c65a8bc,Buyer Backed Out
2295191d-24a6-4533-a7f8-c3d8a910502c,Buyer Backed Out
a784f0a8-4196-45d2-be95-838a08286c1c,Buyer Backed Out
aeeaea58-cfaa-48e7-af47-2f15e41d4582,Buyer Backed Out
f5420104-4267-4d0c-865a-8f5e34a91613,Transferability Issues
eeb02feb-5fdc-406b-83fd-c2f32d55e770,Buyer Backed Out
27bd8e62-9060-4d5b-af2f-8dd5df19f347,Seller Backed Out
eac826c2-f0ba-4d74-b156-32d316d31dfa,Seller Backed Out
b6f7fb0e-8655-4e07-8c58-700401544c96,Buyer Backed Out
729aec4c-3f4b-470c-b07b-8a5d8e5b0151,Seller Backed Out
63c19996-67e0-44ff-aaa4-443d0edfa946,Buyer Backed Out
c343a290-73f8-4173-a431-adf96df25f9c,Buyer Backed Out
89022fc1-1d40-430d-a6ec-0f59e9ced41d,Buyer Backed Out
4dc83c4a-6a04-4055-8941-e47c6e2851d4,Buyer Backed Out
47fc2191-7ac5-497a-ad69-d058653e1531,Buyer Backed Out
47fc2191-7ac5-497a-ad69-d058653e1531,Other * Requires Context
e12cb603-78cd-4e91-b423-17686754375e,Buyer Backed Out
8d2b420f-bc5a-4e00-b4a6-de32968ae66f,Buyer Backed Out
a69ce709-f49c-4564-abea-690caecbb001,Buyer Backed Out
04a6e22a-2507-4e9e-be5d-b9c586811b64,Transferability Issues
b8e0126e-7b02-4cd1-ba4e-4aeb65b519a0,Buyer Backed Out
dfb4f050-8f6c-4e9e-b300-42228910033d,Transferability Issues
1e772d09-3393-4dbc-a6c8-d46ad185f4a1,Buyer Backed Out
a5621878-bae7-414e-be7b-d366d5fae8df,Buyer Backed Out
8a8c92c8-484c-4e89-986c-f930c5ac86d2,Transferability Issues
8a8c92c8-484c-4e89-986c-f930c5ac86d2,Transferability Issues
a3496afc-7422-4605-a9cd-15e42d79d718,Buyer Backed Out
3a447480-fde3-4c1e-b41a-fb3650037d02,Buyer Backed Out
fed5148f-6973-499e-a0cf-894637953ef4,Buyer Backed Out
e28e9475-ebbd-4dad-b417-60ae4beb6ff8,Buyer Backed Out
db86d534-cbb9-47ac-b02c-bd565e01eb7b,Seller Backed Out
751dba46-0c66-4313-84c9-31bfc30cfce9,Buyer Backed Out
b0db581e-6f0d-4a00-a3ff-ff48147445da,Seller Backed Out
7bbbe2c9-c12a-48d3-b2f0-ea3a90803dda,Buyer Backed Out
daef105f-65ed-4b8b-a129-66e65df8a4e2,Transferability Issues
27d53419-452b-4fd1-8658-a0d9c49b50f6,Seller Backed Out
f7a3aaff-db87-4bc6-a73f-4f252ec8bc16,Seller Backed Out
2ffd5589-da34-4abc-b101-748d6d860dab,Seller Backed Out
758c5db0-13ca-4952-b46f-8afb1aa60324,Buyer Backed Out
4fa58787-174e-4d6e-9ec4-177b4a6e0bd8,Buyer Backed Out
dcce733e-6b47-4cd2-b7e8-ce400e016d15,Other * Requires Context
c73045ff-f356-4818-907f-af592bc93d08,Buyer Backed Out
b1d774a6-143f-420b-ba67-32e3fb46d411,Transferability Issues
13fc4fec-9981-4201-87ff-1c678946a79b,Other * Requires Context
e2c95cd1-a583-4acc-b413-eccc551f072d,Transferability Issues
05f6ad5f-f0ff-4d31-9ec6-c653adab908a,Other * Requires Context
c682695b-c5c6-4dd0-b78c-9eba552eed3b,Transferability Issues
ac72b240-4d0b-4903-aad5-c4e328778a2b,Transferability Issues
344cacbf-9cfc-4cd9-8847-79028137b9d0,Transferability Issues
3ef79541-6c95-4604-9d38-0798c3346883,Buyer Backed Out
5adf9e8a-38a5-49c0-8a6b-c662855e2e4e,Buyer Backed Out
7d39fc7d-babd-4d91-b8a3-5c315f680ca3,Buyer Backed Out
661237a1-94fd-4655-b43b-f7ec33b22cc0,Buyer Backed Out
c921fbb8-364f-4b0a-8613-e9a78c70c77a,Buyer Backed Out
3f67df99-c3f1-48b8-aa2b-844f7f14330b,Buyer Backed Out
9836212e-a0c5-474b-b387-eed7343bd314,Buyer Backed Out
98c946ed-c0a1-443e-ade4-b6c7cb62bdea,Buyer Backed Out
5e70a8d5-a35c-4446-a536-27965bdb210a,Buyer Backed Out
251a5a79-9c94-477d-9cf7-fa3e4ed2385b,Transferability Issues
d27f3294-c7fc-48c6-9b45-986c0c132956,Buyer Backed Out
e977ba8a-12d4-4866-8c30-034018821b42,Seller Backed Out
e314cfcc-8ddc-4ca8-8878-77c1f18d4fcd,Seller Backed Out
cc2a339f-e912-4ed1-9a16-45981ef91323,Seller Backed Out
b5f71e91-0748-4d80-a528-e21b2adfd7a8,Seller Backed Out
9d2d2001-9aef-4500-9a2e-728d467dff50,Seller Backed Out
9c679be5-08cf-4d57-a4da-fa8d13bdabfc,Seller Backed Out
0b39f3d3-0b90-4780-ab9b-f597a4d7975a,Seller Backed Out
aad49162-9558-4579-abe5-73454490041d,Seller Backed Out
44c41fb9-1372-4146-9d79-e343d0807113,Seller Backed Out
8378d9ab-5f92-4ce6-b67e-363aa374c8a4,Seller Backed Out
c6bb8a28-7a5a-42f5-8156-ac5acd2f706f,Seller Backed Out
299d0a6b-9f72-4db2-866c-21412165f57a,Seller Backed Out
19de5a76-fb6b-4fcd-9b1a-d4c23b8fd097,Seller Backed Out
cfcc0889-a338-4a0c-a824-25bff67c8d4d,Seller Backed Out
da26d2f8-f70e-463c-b380-15cd34163892,Seller Backed Out
a0a6103a-44cc-48a3-bce2-14a3bb188914,Seller Backed Out
7b649aec-a4a5-4703-80b0-8a36f3ce85b7,Seller Backed Out
d000830b-ba03-437b-9a39-038aa940a2e3,Seller Backed Out
7c5a48f6-e026-4515-8b1c-8c9d1024aa14,Seller Backed Out
6e5dfb76-6050-4b44-8a12-bb63736b02f7,Seller Backed Out
31dc347d-36cb-4159-ac7f-c1a61642bcc9,Seller Backed Out
04302880-de8d-412b-843b-9e34833f084b,Seller Backed Out
e65a0422-655f-4173-bb22-440a12edae5b,Seller Backed Out
e9990410-9751-4f41-8494-dc63262d1954,Seller Backed Out
d1ea4001-8ccf-4d31-96c8-850535eec64e,Other * Requires Context
b48be442-408e-49c9-9a5c-de0259e544a6,Transferability Issues
63b9a606-a5cb-487c-a548-8f8865d04f6a,Seller Backed Out
4e5da0ab-4b17-4064-ad4b-f2e1fd25392a,Transferability Issues
a213d3a8-0c8e-4640-97fd-09f8f551d129,Buyer Backed Out
41f109cc-7fb1-421c-a68e-e70459a7ea10,Transferability Issues
5bb125c7-c246-4e12-892c-a9e5b70cb3df,Transferability Issues
ac11ccf8-06b9-4336-900a-f37193dc9a9e,Other * Requires Context
e7893799-e06e-47e8-80b1-cbd4b3062f0d,Transferability Issues
04d52561-c54b-4ff4-acc5-7c82c78be2ff,Buyer Backed Out
e2e5c84b-605c-4691-9cab-7d4e1b2ad119,Seller Backed Out
7265191b-e119-4e39-a267-38515b8106d0,Buyer Backed Out
c1ee09ae-e07c-4373-9a23-53cdc5a57828,Buyer Backed Out
44ee1407-3b80-4df3-9a1b-d64ef38678f6,Transferability Issues
e362dc38-12f9-4912-bba7-6c4f9e5774ec,Transferability Issues
e362dc38-12f9-4912-bba7-6c4f9e5774ec,Other * Requires Context
8724aaaa-0697-4f75-9b1c-783b108ecffd,Buyer Backed Out
bf6585b1-265a-4b7c-bee3-687386535bc7,Buyer Backed Out
40cffaca-ef9c-4300-8b9e-25021fffb258,Seller Backed Out
9c182afe-1471-4f1e-a6c1-4f6537ca36ad,Seller Backed Out
a34dd7de-00fc-44da-b52a-2c91c4417889,Buyer Backed Out
da65a34f-587e-4830-b73f-14ff116419a9,Other * Requires Context
9831fa0e-bd4f-4037-bb3d-8c830fa1d1ff,Other * Requires Context
3438a8d0-fe18-442c-89d1-c3a8b1dbbbe1,Transferability Issues
027646dc-3c7b-4b32-9a06-a845cedf7c7d,Transferability Issues
eba81c26-048d-4d19-9d56-2e56811d66dd,Buyer Backed Out
cf20b12b-b404-4b7f-8aa8-3473243af9ad,Seller Backed Out
dad0c566-2cf9-477e-add8-57590a171fe9,Transferability Issues
e00f8537-51e0-4e0f-ab1a-9d1e5442586e,Other
f7615243-5fab-452b-a90b-385cc3058df8,Buyer Backed Out
e319a988-359f-4973-9953-799e8ec2a011,Buyer Backed Out
fd26f924-77db-4b33-8851-84c245a47029,Buyer Backed Out
2d767eaf-757b-4826-9a40-93211360bd54,Buyer Backed Out
3dd3a132-952b-466d-9e79-f62c3727542a,Buyer Backed Out
7fb3504d-0979-47f9-809c-5f8ed65d5bc5,Other * Requires Context
f71aebab-c3c3-474c-a53a-0919d927ba78,Other * Requires Context
d8fe3b49-de59-4031-af1f-d5b085617cd7,Other * Requires Context
2dffffe7-0591-4576-9c3e-1831a757a46b,Other * Requires Context
39b23dcf-02c5-489e-a1ca-309079649dc3,Seller Backed Out
64a805f7-dc66-4ab4-9f9f-f6e01616ca44,Buyer Backed Out
53f7768c-e9b6-494a-bb2d-5f843334506b,Other * Requires Context
2b09aa95-068c-48e2-961b-dccceca8e01c,Transferability Issues
c91bc367-6490-4c9c-a58a-6c49fef8a83e,Transferability Issues
3674339e-dbde-4b39-9aeb-1f1b2d5d9ad5,Transferability Issues
8d322953-10e8-43db-964b-7ef154ab5829,Buyer Backed Out
eb89bfdb-e40b-45a3-a2ad-46c726b7b743,Buyer Backed Out
83b6ae77-3d6b-4f1f-9a5a-9971b4e29d93,Other * Requires Context
83b6ae77-3d6b-4f1f-9a5a-9971b4e29d93,Buyer Backed Out
a20e86e8-9ba8-4433-b3d6-7da34b355f3e,Transferability Issues
c1159193-1329-4791-8fb6-e73051be28ed,Buyer Backed Out
41b82467-d81e-435c-bdc1-a44427eca5de,Seller Backed Out
a85f7028-bcce-48dc-891d-476a99d7408d,Transferability Issues
a4fbf75e-d693-43e2-bb18-4c3441634566,Transferability Issues
8a3c3a03-adaf-473e-9d6f-8cd7c4f4bb5d,Buyer Backed Out
8d4e5751-9345-497f-b9ec-a2364e51a8d9,Buyer Backed Out
425f4557-7b8a-4af6-bc1d-fbad2a8a33f2,Buyer Backed Out
7be45ad1-b4cc-40aa-8129-fb45f7af4141,Buyer Backed Out
06a4b813-8fdc-475b-9e0e-b220f5bdd71d,Buyer Backed Out
cf191764-99d1-44ba-a6ce-a86a2516b0f4,Transferability Issues
4fa2e66a-23af-4cc4-ab62-11653986437f,Buyer Backed Out
7dd63013-1910-4f4d-af1a-2c75c2798e24,Seller Backed Out
c665ecd2-9c23-4d62-8491-86671da2665d,Transferability Issues
13b09ef7-4682-44a3-8b5d-909edd405228,Seller Backed Out
4e49350d-9d2c-400c-80f5-4779f8309f91,Buyer Backed Out
44424c7b-d1cb-48be-b254-24b13b35171e,Other * Requires Context
beb97478-864a-416a-84a6-93e481f05ebe,Seller Backed Out
d4e28b3d-0d97-42a2-a574-7ff760ba28bb,Seller Backed Out
37ef715b-1628-4687-b8e1-c1a390b8d244,Other * Requires Context
096d0704-e7b8-41a1-b5d4-3d3522c34547,Buyer Backed Out
68bbb642-74b3-493d-bd62-214ec7772c77,Buyer Backed Out
426bc4de-af23-4271-9d7a-b51a638adf57,Other * Requires Context
f0046509-eb90-4198-a460-2671d3406d47,Buyer Backed Out
966c5152-49ba-4752-bfe2-a2a9a64c497d,Seller Backed Out
c16db3d2-460f-4e99-9ab1-32e58759057b,Buyer Backed Out
58b428d9-a3d1-4fbf-85af-43c0ef7ff9e0,Transferability Issues
12f353bf-d604-41c0-8cce-971be22c46a3,Seller Backed Out
4f2b1874-ceca-423a-a92e-46ac87c6fa5e,Other * Requires Context
107ae7dd-c01b-495f-82d8-1de994d1320f,Other * Requires Context
6045a5db-9b33-4d5a-933a-22f6d24f7d1e,Seller Backed Out
4d3470eb-3668-4800-afd3-fb86611a8693,Seller Backed Out
caa6f55c-c0ed-4970-9418-3da586a2bcd3,Seller Backed Out
bf509744-8c91-424e-9b07-d64b2828fa07,Transferability Issues
af553a0c-595e-42bc-91be-5517b5b3d0eb,Other * Requires Context
8d70d63d-ffde-4a3f-9ca1-45fae5d24808,Buyer Backed Out
c14f29c3-300d-4b9a-95ce-f24852cca40a,Seller Backed Out
94c6cfbb-fb7b-4f78-b737-999559b378c2,Buyer Backed Out
d2b077df-f625-4dda-8913-7e7271edae00,Buyer Backed Out
66a9a76d-0001-4103-b8e1-fbde33ca0172,Seller Backed Out
486bad0e-79f3-45ee-8888-3c162b0b88ce,Seller Backed Out
cfd3a4ce-efa4-4afa-b274-2562a5d077de,Seller Backed Out
8c7bd041-817a-4caf-97b2-01a1a27bebb4,Transferability Issues
833ca21f-29ea-4d27-b0ac-0c414c9d2dd0,Transferability Issues
a07c1b49-914c-4740-bdca-cc36b810167e,Transferability Issues
6e589ff2-bb64-4e28-88b1-6fbd3ecd8b0c,Buyer Backed Out
6ebeee69-ca0c-4750-9320-b53c6874a24f,Buyer Backed Out
8d3575fb-e628-4403-a1d5-f67781d4e80d,Buyer Backed Out
ab4ec880-b28f-4d9b-836c-7ea1df250817,Buyer Backed Out
9f74e4d5-d40b-4048-8237-f99fdc611d82,Buyer Backed Out
b9261cac-98cd-4f5d-b265-c73487953e14,Other * Requires Context
eb36fd3e-7b4a-419d-9f67-daf4188026d4,Seller Backed Out
7afb9c61-264d-4ed0-a4a3-6d79425bbbc6,Transferability Issues
83e545ba-2e82-493c-b677-18fecec1d034,Transferability Issues
23e1cbf0-1210-41ee-b371-c5336a524e20,Transferability Issues
58803f66-75eb-41b9-b54f-de5486bf68ec,Buyer Backed Out
238ca2c8-0dc3-47f9-9e7d-928c8830dc7d,Transferability Issues
00c73db2-6f0a-4179-a5eb-4387ff56978a,Seller Backed Out
79df8baa-e6cb-4b8a-a792-57b69d7f1268,Buyer Backed Out
91d43a88-e709-4da8-bb44-006f55ab300d,Buyer Backed Out
1053325d-b3ea-4d3e-8a0c-a449fd76ac41,Buyer Backed Out
2560bb44-4b78-4f06-aa7f-ce727b502117,Seller Backed Out
8eca36cd-5f02-4bec-8919-729ae3ada033,Buyer Backed Out
4fae3c14-60da-4c73-9a13-22c2e7201ded,Buyer Backed Out
6dc193a2-d37d-469e-9e5d-2cefe096bc9d,Seller Backed Out
aac884bb-4813-41dc-aa04-f92a5efde52a,Seller Backed Out
549f3f06-69e5-4ea7-bf75-e1214c24c1eb,Seller Backed Out
60d50da3-d1c0-42ef-9ec4-587399c909c3,Seller Backed Out
a58cbafc-130d-4924-bcc1-f7573a4b6b2b,Seller Backed Out
4adc38ac-b9de-40a4-8fdb-ce1b5d243e6e,Buyer Backed Out
7017ba6f-8f1d-4aa4-a032-871ab4436f62,Other * Requires Context
7f63d002-6df5-4f54-85cb-da9ca82306b8,Buyer Backed Out
b26b3477-70ea-4ced-b749-a56ef4f15d41,Buyer Backed Out
2e8506ba-8c86-492b-86a8-7ee795bc329b,Buyer Backed Out
a8278967-15e9-4a80-83bf-0fe6f6d062dd,Buyer Backed Out
cd7666b9-d781-4af4-9805-eebb1daa7774,Transferability Issues
42185043-84c8-4bbe-9c8d-6174676c5230,Buyer Backed Out
5092c067-78cf-4b10-9915-c5db1fe0c105,Buyer Backed Out
dabccd87-f94f-4ac5-8e28-cf50ee120efc,Buyer Backed Out
92ebb3b1-822b-4f0d-a227-9d8d9ba5b3fd,Buyer Backed Out
c8f844e2-1db1-4c4b-91a9-fbddc4c3dde3,Seller Backed Out
f65b3a47-27ae-4f93-9f11-6cada12919da,Seller Backed Out
aca17daa-f671-492b-a5e4-9489a719dff7,Seller Backed Out
08f93335-1837-43fb-b73d-7cbb40912f07,Transferability Issues
ddacbcd5-e476-46fa-9b3d-277d2c33eea2,Buyer Backed Out
d002b5f1-4f84-4c69-b2c7-de0700077e7f,Buyer Backed Out
f9333f1f-ab09-4ffb-abcc-9775c84298a8,Buyer Backed Out
05fe2ff3-64ae-4b5b-8179-0f6f14fb8b6e,Transferability Issues
f15ae858-44c1-4055-bcc3-b707a0c6fe65,Transferability Issues
ae22c0b3-9a25-4eae-af7e-a0a156caa8b0,Buyer Backed Out
32dba8e5-06e6-4775-906b-edec8d07e8ee,Other * Requires Context
17c64dca-e43b-4774-9d78-5571a7acb6e7,Buyer Backed Out
3b93879d-82cf-4250-b447-6a3a4b42acad,Seller Backed Out
7414c512-f035-4b78-8508-89ff268a5b76,Other * Requires Context
df56ab66-b332-4568-925e-aa3bfa08c470,Buyer Backed Out
d72cc2cb-4b99-4145-9335-fcee31f2cc37,Buyer Backed Out
2649bdca-28fb-4326-a986-c179d1cf94ec,Buyer Backed Out
9c599116-ec05-4a8e-856a-aeee3199cb8d,Other * Requires Context
114ddf2f-c789-438f-8404-2a5aeabcc120,Other * Requires Context
5c803ab3-e128-4811-898e-b00af4b1cdd4,Other * Requires Context
dc52a55c-dbef-4df1-8861-bb3388d2876c,Other * Requires Context
85debb49-fc43-4990-84c8-1c208b80ca72,Buyer Backed Out
2ac1b5f2-cad8-44d0-a637-0dea3a938305,Transferability Issues
1a5508e2-f444-408b-a639-4a331f0f3c06,Transferability Issues
31f40d2b-25b8-4894-98a1-489e7e1411e3,Seller Backed Out
22e94831-0ff2-4be3-acaf-fe8a06cf9e68,Seller Backed Out
14aa4174-98ef-4059-847f-82715cdd00bb,Buyer Backed Out
5d507f7b-4232-4bc1-a06d-b3362317fa9d,Buyer Backed Out
59c74aed-944c-4025-a070-2e9452fc675a,Buyer Backed Out
8682e58c-ffe7-4aed-a41f-d0c554e7df41,Buyer Backed Out
81fe74fd-2953-4d96-914c-927a5e38f50f,Buyer Backed Out
18a59959-a979-4007-a754-d7ebce254706,Buyer Backed Out
ccc1981d-062f-48d0-ac00-f79c279c0759,Buyer Backed Out
4f0bb424-c8ca-435e-b106-408b06902b2f,Buyer Backed Out
8368caf5-dca7-4539-80b0-778254b2be28,Buyer Backed Out
e53fbdb5-d102-4719-b74c-4a3437461a8e,Buyer Backed Out
1a137815-88e9-4e86-9b2f-52d72fbccc30,Buyer Backed Out
06f91639-a4da-40d8-9d7d-1a33f6eb8201,Buyer Backed Out
9b9c7fe7-0e91-40c0-8a60-f22b6c798ecc,Buyer Backed Out
cfb97c6a-c4e7-4ecc-93e8-9c44245e5e1e,Buyer Backed Out
a761bc37-aa4d-4dea-baa9-96fc257a5995,Buyer Backed Out
fa87f962-5d74-4902-86eb-092775a457a1,Buyer Backed Out
b544a5b4-8665-489d-ba58-a1b30780a3fb,Buyer Backed Out
e70e2f83-037c-46b1-a354-68174300009f,Buyer Backed Out
920f2ded-73e8-4a8c-b59a-64af425a2408,Buyer Backed Out
f3ad301e-fcb4-4446-9619-30931ce263bb,Buyer Backed Out
fbe1906c-5ce3-46f2-9140-d170a5ea872f,Buyer Backed Out
8b176b19-ebd5-454d-aa5c-6a0302b3e765,Buyer Backed Out
7bbfd779-34d6-4bc1-820b-a09f8c07f159,Buyer Backed Out
aa0a0d01-07ca-4f48-a87e-f9c12adefa30,Buyer Backed Out
a55c41f6-0789-43cd-b5b6-8324aee76216,Buyer Backed Out
93b808d6-f9b2-4788-a087-37e8f6f4dd9d,Other
d1581949-7446-408e-9436-81349c065bfe,Other
6656ead1-2fd7-42bd-9f03-9b8cc5d40fda,Buyer Backed Out
83bcab9b-1aaf-446d-ba3c-22cf385c62ef,Buyer Backed Out
7a67bb73-58e4-47d9-b056-1b83e4c1a1cf,Buyer Backed Out
780327d3-00cb-4c3a-8c73-ec4a72200bdc,Buyer Backed Out
72104051-a6bb-4f43-a596-e4a04ff46efd,Other
af80cfdc-e709-4d72-84a9-9919dcefa4ae,Buyer Backed Out
3830cd0f-2976-40d4-8c16-2c0ecd769946,Seller Backed Out
af2a8986-5f8c-4c9b-828d-e6a22d7f8648,Other
c9794853-98d9-436f-94c5-44756808e934,Seller Backed Out
f3ee93d4-b664-47e8-a277-b3f7e399c1a8,Transferability Issues
0a54882a-7f3d-48a6-9a44-d9088c4c8eb9,Seller Backed Out
847d127a-b2cb-45d1-a65a-e50ae6dd4446,Transferability Issues
6ed39e05-97b6-4ebd-aafc-261ec51fe2b7,Seller Backed Out
db79292e-ca7e-4d91-a0dd-9ea7432bc579,Buyer Backed Out
db79292e-ca7e-4d91-a0dd-9ea7432bc579,Other * Requires Context
07ac8f48-854d-4b76-9bdb-0eb38647292d,Transferability Issues
797252eb-666f-4575-a53c-670cbe857042,Buyer Backed Out
405c6268-81fe-4d5a-ac2b-8d47ab7601be,Buyer Backed Out
ffc03686-f434-4df4-8ed6-872bce0df7bf,Transferability Issues
37dee11e-59f6-4b42-972b-79b4427dbfa5,Buyer Backed Out
a5f355cf-bbaa-4664-be7d-69c7bc0e4b0a,Other * Requires Context
85e6cc20-cda3-4496-a244-6fb622b04c0a,Seller Backed Out
85e6cc20-cda3-4496-a244-6fb622b04c0a,Transferability Issues
830a6f0a-6ac4-4bc2-adc0-b472ac730b65,Buyer Backed Out
619b589c-472d-4dcc-8a8d-e694ee9cf2f1,Buyer Backed Out
5a5e064d-2b3e-47df-a69c-423b4060acfc,Seller Backed Out
abf15a36-e291-4f9f-b00e-7f011c8169c1,Transferability Issues
278f1fee-62e5-406e-9f30-4e426cd2aabe,Seller Backed Out
7a00946b-3254-414a-9e41-dca4840f1c19,Seller Backed Out
d3cabf70-d3e0-4296-a224-2c21614e3359,Buyer Backed Out
5aa10ea0-502f-4ae1-991c-e4e6f8b20944,Seller Backed Out
b94e4eb2-72e8-4240-b5ff-267b946f84c5,Transferability Issues
3dca74d0-9141-4cf7-9714-ab0b412cb361,Transferability Issues
7b591294-eeeb-4b64-9755-566ac826cf0e,Buyer Backed Out
0204888d-8f07-467f-b4c4-db2ded86106a,Buyer Backed Out
3543e71e-6a0a-4acc-90f3-880df57c77eb,Transferability Issues
dc16ecc5-9254-4829-90b2-2ff702dfe1d5,Buyer Backed Out
4b241f29-fb7e-4582-9654-27a0fb861dbb,Transferability Issues
fc565f1a-be5b-4057-995c-7539b73e86e5,Buyer Backed Out
a5cc3ef7-1c5b-4688-9362-a86cb58de762,Buyer Backed Out
d49f9ed0-aede-40be-8b5d-0fb8f5b2033f,Buyer Backed Out
753ca5d1-86ab-49c4-a618-11eee9de5cd5,Buyer Backed Out
de1227d4-1664-42cf-9e6e-65ab9304c10c,Seller Backed Out
1d7020f2-4a15-426f-a309-0c394b9774a3,Seller Backed Out
57c85506-30f2-4bf3-b924-230509272302,Seller Backed Out
c52b7042-3ecb-47ec-b39d-8bfdb4861c02,Seller Backed Out
d28b3095-184c-45f2-ac22-c412c0e0f5e4,Seller Backed Out
4f1d906e-1aa2-444b-b685-b6e656f734d5,Seller Backed Out
8a2578c9-9aab-4682-80b7-7ed83141cfc3,Seller Backed Out
979d3d23-2d4f-404c-952f-6298c1851008,Seller Backed Out
2ddbb910-1252-480e-941a-9f5148c25a00,Seller Backed Out
8ddb2a2e-9bfc-4178-a4fb-f261ad71e2d5,Seller Backed Out
1008b086-7a2d-4ac4-9293-fe114780a390,Seller Backed Out
98650fcb-bc45-4c59-a2a2-10af17d35cf1,Seller Backed Out
59f08984-e3c2-4357-9099-c4086810a2bc,Buyer Backed Out
783e0f29-30f8-4e69-a4ee-9d3b36c480d3,Buyer Backed Out
b12ddcc4-9f41-4860-a7b5-0cdfb53399af,Buyer Backed Out
79f425d0-9ead-4e9c-a469-5cd920ce5082,Transferability Issues
3649f541-40e4-4415-a34a-2953c42952bb,Buyer Backed Out
d0cd1b1b-0c2b-43c6-89f3-bc8beff1d247,Transferability Issues
5189a59f-7881-450e-8a77-75519fecc911,Buyer Backed Out
ad583c38-e918-4c98-867c-fa790708be3e,Buyer Backed Out
d83e21f8-a6b8-4ac1-a940-010f4d1af72c,Buyer Backed Out
7ebdb75f-d648-4499-9b8d-928bfc1879bb,Buyer Backed Out
2505c065-fadf-4a43-bc91-7e3ddc931a3f,Seller Backed Out
db440eae-cf92-4d51-b2ae-3f3506438ebf,Transferability Issues
6784942e-346e-471d-aa2f-3e29b08e8595,Transferability Issues
4a977e41-8705-4a63-8acf-4dc42fad883f,Buyer Backed Out
4c363add-56a1-48de-903b-f17e76903d48,Other * Requires Context
66c76190-9e02-497c-824b-106f08d28fc8,Combining Transactions
cab74a8d-2142-471d-bc80-c63783e0e34d,Combining Transactions
bbbeea27-b5ba-4979-bf09-8922c8a590a6,Combining Transactions
84568b37-674f-48fa-82cc-65b127a563df,Combining Transactions
035ef62f-06a1-4077-9240-1e17e8b3fb71,Combining Transactions
4f27a975-afab-4457-9cb3-9736aed0387e,Combining Transactions
2f086008-7373-4f84-9aa6-0d60d714d1a0,Combining Transactions
0adfe041-8476-44f9-9818-b9481bc3b7f1,Combining Transactions
a53c12b9-be77-4fda-9310-bfc5973973a3,Buyer Backed Out
147bfa53-77a6-464a-bdce-b0650b728bc8,Transferability Issues
3234a49f-cb49-4e58-bc03-76f45ad68318,Transferability Issues
34aa5785-f03e-48d7-ba48-3c26a3241e28,Seller Backed Out
5cc7899d-ed52-459e-972a-7e4aa74fd800,Buyer Backed Out
d47db24f-3f04-4563-bd49-324c2e009e2b,Buyer Backed Out
7fcfe2f2-bc0d-4df0-97f3-704c8b903cf7,Buyer Backed Out
e7e4fee5-f3bb-42a6-936f-dcc491758ec4,Buyer Backed Out
061e6783-ddc6-49e7-896e-1843f501c7d1,Seller Backed Out
f7d8c42e-aac1-4ac5-ad39-2f7b163b37a1,Buyer Backed Out
aceb179c-94df-4f5f-aaae-84403c76b36a,Seller Backed Out
4fe58f1e-af17-4db1-8998-6292e959a851,Buyer Backed Out
ae5a9bad-3d8b-4b3e-a909-c8828d8c74de,Other * Requires Context
f4c502f6-32f2-4525-af06-d2c7b7c34133,Seller Backed Out
cc259879-8ff7-459a-8866-cf00b79125b7,Seller Backed Out
441571a2-6b76-460f-8144-fddac938205c,Buyer Backed Out
fbcd573a-86d8-48a4-8ace-a11b727b7bf1,Buyer Backed Out
2032cdbb-0791-4dfb-a3ad-372f7d46943c,Buyer Backed Out
0ce090da-2169-4bf3-8546-8a4bb16c3543,Transferability Issues
e01ef5b8-9351-4643-86bc-658bc021c18f,Buyer Backed Out
35ab0d27-4d3f-4d4c-a2dc-60334f6fd8b1,Buyer Backed Out
9c1a0481-a620-4404-a679-a67495cbecd8,Buyer Backed Out
b71bc181-5de4-4705-945a-6837c327eedc,Buyer Backed Out
407316d8-20be-4ad9-b18d-148f60451598,Buyer Backed Out
96370fcf-bdcf-4719-b414-c56c6c0ee258,Buyer Backed Out
9392fc34-9f44-4a41-8f8a-00c48c6752fc,Buyer Backed Out
0be30af0-585e-4b0d-9558-0ea8e2a56d80,Seller Backed Out
5a63e0ba-bd38-43a1-a564-68230517bd48,Buyer Backed Out
2bc4706a-b7a4-48a5-8169-29a1dc63db58,Buyer Backed Out
2bc9ea1f-0462-47b2-b59b-355de5b8f75b,Buyer Backed Out
66d5e6df-20b4-4a07-976e-81bf86023597,Seller Backed Out
14c75527-3dc5-469b-a5ee-b415fad31fd1,Buyer Backed Out
eb0b6e01-bf8d-45c6-bfc0-d3d174c2c700,Buyer Backed Out
d7eeeab8-3cb9-4f38-8549-4abd3e2ced07,Other * Requires Context
e518e2d5-cf94-49e0-a76c-51354e761516,Buyer Backed Out
49f865eb-9f0a-48c8-b7e0-4ae5d1e1660d,Buyer Backed Out
bd597d33-2a6c-44b2-ad84-0e57b2906495,Buyer Backed Out
b206e304-8907-44f8-b220-1727996c96ad,Buyer Backed Out
2d20c6d1-34e2-4012-8776-417240e8cf0d,Buyer Backed Out
ad3903fb-0c99-4dae-b435-d2be87dccc94,Buyer Backed Out
69e77a65-89ce-4655-8426-a443bfac005a,Buyer Backed Out
e2776357-607a-450b-9227-ffeca2f4d5a2,Buyer Backed Out
42283039-8ca8-40d8-b9d2-77cea6c9d2f1,Buyer Backed Out
2c62781d-58e4-4dc0-80da-0174fef08157,Buyer Backed Out
ca212643-c212-4a41-9f76-12268641ce04,Buyer Backed Out
f5d7a52b-aab1-433b-9c6b-0765f80781cf,Buyer Backed Out
db40c81e-526f-479f-8420-b891a901974b,Buyer Backed Out
d95cb558-d62e-4e46-8265-4f2141877b12,Other * Requires Context
198fb839-ab7b-41c9-96bb-9ab7565f28f3,Transferability Issues
f72b3a27-9233-412e-94b1-2211c919067c,Buyer Backed Out
216c1a88-ca37-4857-abed-1366ba5e0ed4,Buyer Backed Out
a7052b02-ae90-428c-85b0-5c3c4c5eb263,Transferability Issues
6b9f7def-e624-4ed5-ba91-9b2bfdc8d58e,Other * Requires Context
508892e9-a227-4648-8441-5c78d20cc4b0,Buyer Backed Out
32925cd0-a956-4a37-9382-a46fc04f78ed,Buyer Backed Out
ad7c4239-1eb7-4dbb-bc9a-9285e92b0b15,Buyer Backed Out
70e02bf4-6f6e-4308-91e0-e904b698fce0,Buyer Backed Out
d047068b-1f23-4818-8da4-8c76f8a505ff,Seller Backed Out
2b14c2fe-de07-4fbe-9609-824e1ca6d321,Transferability Issues
bfb8549c-7d16-42cd-ad73-7250cf43c126,Buyer Backed Out
26e39602-517d-4b51-b2bb-11854bcaf151,Buyer Backed Out
cfb33bc2-1f5f-44e2-bc0a-40c3d6daf349,Seller Backed Out
e90cf63b-0d9d-4aec-9ea5-d3b1f827fc7c,Buyer Backed Out
e90cf63b-0d9d-4aec-9ea5-d3b1f827fc7c,Seller Backed Out
4a556065-d194-4f79-bb94-0696b060c3d4,Transferability Issues
a04dde87-29d3-4abb-a44d-8320b4d24a5b,Buyer Backed Out
dd77f528-057b-43da-8a8f-783bab04ccfc,Buyer Backed Out
b7e18bf8-40e8-4f07-9a2e-cab2a9dc8a90,Seller Backed Out
2cd593f6-d633-4209-9657-1525bec56e88,Buyer Backed Out
9cc5ac36-4f66-4ff2-94c2-586a0a304300,Transferability Issues
dc968bb8-df94-45de-9d16-1a2cae8a6953,Other * Requires Context
d7f2f11d-a792-435b-9bb4-dd19633f50ee,Buyer Backed Out
1959c134-4e44-4c97-8d4b-d84a26e54c6d,Transferability Issues
a4e8891d-a472-4f1d-9d37-b404323c9626,Transferability Issues
7a7c664a-7178-4dba-9794-ed936ca08eff,Buyer Backed Out
4ede241a-684a-4bfb-af0f-00c9bc31b931,Buyer Backed Out
9dc05bb0-b81e-46f6-abbe-498fabaad04d,Transferability Issues
0d73805e-0859-4c51-a7c4-ef22015d3fbf,Buyer Backed Out
